{
  "model": "albert",
  "dataset": "premo",
  "metrics": {
    "per_class": {
      "precision": {
        "neutral": 0.6730769230769231,
        "positive": 0.7596153846153846,
        "negative": 0.7446808510638298
      },
      "recall": {
        "neutral": 0.8333333333333334,
        "positive": 0.7596153846153846,
        "negative": 0.40229885057471265
      },
      "f1_score": {
        "neutral": 0.7446808510638298,
        "positive": 0.7596153846153846,
        "negative": 0.5223880597014925
      }
    },
    "macro": {
      "precision": 0.7257910529187125,
      "recall": 0.6650825228411436,
      "f1_score": 0.675561431793569
    },
    "micro": {
      "precision": 0.7075208913649025,
      "recall": 0.7075208913649025,
      "f1_score": 0.7075208913649025
    }
  },
  "predictions": [
    2,
    1,
    0,
    1,
    2,
    0,
    1,
    0,
    0,
    0,
    0,
    1,
    0,
    0,
    0,
    0,
    1,
    0,
    0,
    0,
    0,
    0,
    1,
    1,
    0,
    0,
    0,
    0,
    0,
    0,
    0,
    2,
    0,
    2,
    0,
    2,
    2,
    0,
    1,
    0,
    0,
    0,
    2,
    0,
    0,
    1,
    0,
    0,
    0,
    1,
    0,
    0,
    2,
    1,
    2,
    1,
    1,
    0,
    1,
    0,
    0,
    0,
    2,
    1,
    0,
    1,
    2,
    1,
    0,
    0,
    2,
    2,
    0,
    0,
    1,
    1,
    1,
    0,
    1,
    1,
    1,
    0,
    0,
    0,
    0,
    0,
    1,
    0,
    0,
    0,
    1,
    1,
    0,
    0,
    1,
    0,
    0,
    0,
    1,
    0,
    1,
    0,
    2,
    0,
    0,
    0,
    0,
    2,
    0,
    2,
    0,
    0,
    0,
    1,
    0,
    0,
    1,
    1,
    1,
    1,
    1,
    0,
    0,
    0,
    1,
    2,
    0,
    0,
    0,
    0,
    0,
    0,
    1,
    1,
    2,
    0,
    1,
    0,
    1,
    1,
    0,
    0,
    0,
    0,
    1,
    2,
    1,
    0,
    0,
    0,
    0,
    0,
    0,
    1,
    1,
    1,
    0,
    1,
    1,
    1,
    0,
    1,
    1,
    0,
    0,
    0,
    0,
    0,
    0,
    0,
    0,
    0,
    0,
    2,
    0,
    1,
    1,
    2,
    0,
    0,
    0,
    0,
    1,
    1,
    0,
    0,
    0,
    2,
    0,
    1,
    2,
    2,
    1,
    0,
    0,
    0,
    1,
    0,
    0,
    0,
    0,
    1,
    0,
    0,
    0,
    2,
    0,
    1,
    0,
    0,
    0,
    0,
    2,
    0,
    1,
    0,
    0,
    0,
    0,
    1,
    0,
    0,
    0,
    1,
    0,
    0,
    2,
    2,
    1,
    0,
    0,
    1,
    0,
    0,
    2,
    1,
    0,
    0,
    0,
    0,
    1,
    1,
    0,
    2,
    2,
    0,
    1,
    2,
    1,
    0,
    2,
    2,
    0,
    0,
    0,
    2,
    1,
    0,
    1,
    0,
    2,
    1,
    0,
    1,
    0,
    1,
    0,
    1,
    0,
    1,
    2,
    0,
    0,
    1,
    2,
    1,
    1,
    0,
    1,
    0,
    2,
    0,
    0,
    0,
    1,
    1,
    0,
    0,
    1,
    0,
    0,
    2,
    2,
    0,
    1,
    0,
    0,
    0,
    1,
    0,
    0,
    0,
    0,
    0,
    1,
    0,
    1,
    1,
    1,
    1,
    1,
    0,
    0,
    2,
    0,
    1,
    1,
    0,
    1,
    0,
    0,
    1,
    0,
    0,
    1,
    2,
    0,
    0,
    1,
    2,
    0,
    0,
    0,
    0,
    0,
    1,
    2,
    1,
    0,
    0,
    0,
    1,
    0,
    0,
    0,
    0,
    0,
    0,
    0,
    2,
    0,
    0,
    1,
    0,
    0,
    2,
    1,
    1,
    0
  ],
  "true_labels": [
    2,
    0,
    0,
    1,
    2,
    0,
    1,
    0,
    0,
    2,
    0,
    0,
    0,
    0,
    0,
    0,
    1,
    2,
    0,
    0,
    0,
    0,
    1,
    1,
    0,
    0,
    0,
    0,
    0,
    0,
    0,
    2,
    0,
    2,
    0,
    1,
    2,
    0,
    1,
    1,
    0,
    0,
    2,
    0,
    0,
    1,
    1,
    0,
    0,
    1,
    2,
    0,
    1,
    1,
    2,
    1,
    1,
    0,
    0,
    0,
    0,
    0,
    0,
    1,
    0,
    1,
    2,
    1,
    2,
    0,
    2,
    2,
    0,
    0,
    1,
    1,
    2,
    2,
    0,
    1,
    1,
    1,
    2,
    0,
    2,
    2,
    1,
    0,
    1,
    0,
    0,
    1,
    0,
    2,
    1,
    0,
    0,
    0,
    2,
    2,
    1,
    2,
    2,
    2,
    0,
    1,
    0,
    2,
    0,
    2,
    0,
    0,
    0,
    1,
    0,
    2,
    1,
    1,
    0,
    0,
    1,
    2,
    2,
    2,
    0,
    0,
    0,
    2,
    0,
    0,
    1,
    0,
    0,
    1,
    2,
    1,
    1,
    2,
    1,
    1,
    0,
    0,
    0,
    1,
    1,
    2,
    1,
    0,
    0,
    0,
    2,
    0,
    0,
    1,
    0,
    1,
    0,
    1,
    0,
    2,
    0,
    1,
    1,
    0,
    0,
    0,
    2,
    2,
    2,
    0,
    2,
    0,
    0,
    0,
    0,
    1,
    0,
    2,
    2,
    1,
    1,
    0,
    1,
    1,
    1,
    0,
    0,
    0,
    2,
    1,
    2,
    0,
    1,
    2,
    0,
    0,
    1,
    1,
    2,
    0,
    0,
    0,
    0,
    0,
    1,
    2,
    0,
    0,
    0,
    0,
    0,
    0,
    2,
    2,
    1,
    0,
    2,
    1,
    0,
    1,
    0,
    2,
    0,
    0,
    0,
    0,
    2,
    2,
    1,
    0,
    0,
    1,
    0,
    0,
    2,
    2,
    2,
    0,
    0,
    0,
    1,
    1,
    2,
    2,
    2,
    1,
    1,
    2,
    1,
    0,
    2,
    2,
    0,
    0,
    0,
    2,
    1,
    1,
    1,
    0,
    0,
    1,
    0,
    1,
    0,
    1,
    2,
    1,
    2,
    1,
    2,
    0,
    0,
    0,
    2,
    0,
    1,
    0,
    1,
    0,
    2,
    0,
    2,
    0,
    2,
    1,
    0,
    0,
    1,
    0,
    2,
    2,
    2,
    2,
    1,
    0,
    0,
    0,
    1,
    0,
    2,
    0,
    2,
    0,
    1,
    0,
    1,
    1,
    1,
    1,
    0,
    1,
    2,
    2,
    0,
    1,
    1,
    0,
    1,
    2,
    1,
    1,
    0,
    0,
    2,
    0,
    0,
    1,
    1,
    2,
    2,
    0,
    0,
    2,
    0,
    1,
    1,
    1,
    0,
    0,
    1,
    1,
    2,
    0,
    0,
    1,
    0,
    0,
    2,
    0,
    0,
    2,
    0,
    0,
    1,
    0,
    1,
    1,
    0
  ]
}