{
  "model": "bert",
  "dataset": "premo",
  "metrics": {
    "per_class": {
      "precision": {
        "neutral": 0.6915422885572139,
        "positive": 0.8125,
        "negative": 0.7258064516129032
      },
      "recall": {
        "neutral": 0.8273809523809523,
        "positive": 0.75,
        "negative": 0.5172413793103449
      },
      "f1_score": {
        "neutral": 0.7533875338753387,
        "positive": 0.78,
        "negative": 0.6040268456375839
      }
    },
    "macro": {
      "precision": 0.7432829133900389,
      "recall": 0.6982074438970991,
      "f1_score": 0.712471459837641
    },
    "micro": {
      "precision": 0.7298050139275766,
      "recall": 0.7298050139275766,
      "f1_score": 0.7298050139275766
    }
  },
  "predictions": [
    2,
    1,
    0,
    1,
    0,
    0,
    1,
    0,
    0,
    2,
    0,
    1,
    0,
    0,
    1,
    0,
    1,
    2,
    0,
    0,
    0,
    0,
    0,
    1,
    0,
    0,
    0,
    0,
    0,
    0,
    0,
    2,
    0,
    2,
    0,
    0,
    2,
    0,
    1,
    2,
    0,
    0,
    2,
    0,
    0,
    1,
    0,
    0,
    0,
    0,
    0,
    0,
    2,
    1,
    0,
    1,
    1,
    0,
    0,
    0,
    0,
    0,
    0,
    1,
    2,
    1,
    2,
    1,
    0,
    0,
    2,
    2,
    0,
    2,
    0,
    1,
    1,
    0,
    1,
    1,
    1,
    0,
    0,
    0,
    0,
    0,
    1,
    0,
    0,
    0,
    0,
    1,
    2,
    0,
    1,
    0,
    0,
    0,
    0,
    0,
    1,
    2,
    2,
    2,
    0,
    0,
    0,
    0,
    0,
    2,
    0,
    0,
    0,
    1,
    0,
    0,
    1,
    1,
    0,
    1,
    1,
    2,
    0,
    2,
    1,
    0,
    0,
    0,
    0,
    0,
    1,
    0,
    1,
    1,
    0,
    0,
    1,
    2,
    1,
    1,
    0,
    0,
    0,
    1,
    1,
    2,
    1,
    2,
    0,
    2,
    2,
    0,
    0,
    1,
    0,
    1,
    0,
    1,
    1,
    2,
    0,
    1,
    1,
    0,
    0,
    0,
    0,
    0,
    0,
    0,
    0,
    0,
    0,
    2,
    0,
    0,
    1,
    2,
    2,
    0,
    0,
    0,
    1,
    1,
    2,
    0,
    0,
    0,
    0,
    1,
    2,
    2,
    1,
    0,
    0,
    0,
    1,
    0,
    0,
    0,
    0,
    1,
    1,
    0,
    0,
    0,
    0,
    0,
    0,
    0,
    0,
    0,
    2,
    2,
    1,
    0,
    0,
    1,
    0,
    1,
    0,
    2,
    0,
    0,
    0,
    0,
    2,
    2,
    1,
    2,
    0,
    1,
    0,
    0,
    0,
    0,
    0,
    0,
    0,
    0,
    1,
    1,
    0,
    2,
    2,
    1,
    1,
    2,
    1,
    0,
    2,
    2,
    0,
    0,
    0,
    2,
    1,
    1,
    1,
    0,
    0,
    1,
    0,
    0,
    0,
    1,
    0,
    1,
    2,
    1,
    2,
    0,
    0,
    1,
    2,
    0,
    1,
    2,
    1,
    0,
    2,
    0,
    0,
    1,
    1,
    1,
    0,
    0,
    1,
    0,
    2,
    2,
    2,
    0,
    0,
    0,
    0,
    0,
    1,
    0,
    0,
    0,
    2,
    0,
    1,
    0,
    1,
    1,
    1,
    1,
    1,
    0,
    0,
    2,
    0,
    1,
    0,
    0,
    1,
    0,
    1,
    1,
    0,
    0,
    1,
    2,
    0,
    0,
    1,
    2,
    0,
    0,
    0,
    0,
    0,
    1,
    0,
    1,
    0,
    2,
    0,
    0,
    0,
    0,
    0,
    0,
    0,
    0,
    2,
    2,
    0,
    0,
    2,
    0,
    1,
    2,
    1,
    1,
    1
  ],
  "true_labels": [
    2,
    0,
    0,
    1,
    2,
    0,
    1,
    0,
    0,
    2,
    0,
    0,
    0,
    0,
    0,
    0,
    1,
    2,
    0,
    0,
    0,
    0,
    1,
    1,
    0,
    0,
    0,
    0,
    0,
    0,
    0,
    2,
    0,
    2,
    0,
    1,
    2,
    0,
    1,
    1,
    0,
    0,
    2,
    0,
    0,
    1,
    1,
    0,
    0,
    1,
    2,
    0,
    1,
    1,
    2,
    1,
    1,
    0,
    0,
    0,
    0,
    0,
    0,
    1,
    0,
    1,
    2,
    1,
    2,
    0,
    2,
    2,
    0,
    0,
    1,
    1,
    2,
    2,
    0,
    1,
    1,
    1,
    2,
    0,
    2,
    2,
    1,
    0,
    1,
    0,
    0,
    1,
    0,
    2,
    1,
    0,
    0,
    0,
    2,
    2,
    1,
    2,
    2,
    2,
    0,
    1,
    0,
    2,
    0,
    2,
    0,
    0,
    0,
    1,
    0,
    2,
    1,
    1,
    0,
    0,
    1,
    2,
    2,
    2,
    0,
    0,
    0,
    2,
    0,
    0,
    1,
    0,
    0,
    1,
    2,
    1,
    1,
    2,
    1,
    1,
    0,
    0,
    0,
    1,
    1,
    2,
    1,
    0,
    0,
    0,
    2,
    0,
    0,
    1,
    0,
    1,
    0,
    1,
    0,
    2,
    0,
    1,
    1,
    0,
    0,
    0,
    2,
    2,
    2,
    0,
    2,
    0,
    0,
    0,
    0,
    1,
    0,
    2,
    2,
    1,
    1,
    0,
    1,
    1,
    1,
    0,
    0,
    0,
    2,
    1,
    2,
    0,
    1,
    2,
    0,
    0,
    1,
    1,
    2,
    0,
    0,
    0,
    0,
    0,
    1,
    2,
    0,
    0,
    0,
    0,
    0,
    0,
    2,
    2,
    1,
    0,
    2,
    1,
    0,
    1,
    0,
    2,
    0,
    0,
    0,
    0,
    2,
    2,
    1,
    0,
    0,
    1,
    0,
    0,
    2,
    2,
    2,
    0,
    0,
    0,
    1,
    1,
    2,
    2,
    2,
    1,
    1,
    2,
    1,
    0,
    2,
    2,
    0,
    0,
    0,
    2,
    1,
    1,
    1,
    0,
    0,
    1,
    0,
    1,
    0,
    1,
    2,
    1,
    2,
    1,
    2,
    0,
    0,
    0,
    2,
    0,
    1,
    0,
    1,
    0,
    2,
    0,
    2,
    0,
    2,
    1,
    0,
    0,
    1,
    0,
    2,
    2,
    2,
    2,
    1,
    0,
    0,
    0,
    1,
    0,
    2,
    0,
    2,
    0,
    1,
    0,
    1,
    1,
    1,
    1,
    0,
    1,
    2,
    2,
    0,
    1,
    1,
    0,
    1,
    2,
    1,
    1,
    0,
    0,
    2,
    0,
    0,
    1,
    1,
    2,
    2,
    0,
    0,
    2,
    0,
    1,
    1,
    1,
    0,
    0,
    1,
    1,
    2,
    0,
    0,
    1,
    0,
    0,
    2,
    0,
    0,
    2,
    0,
    0,
    1,
    0,
    1,
    1,
    0
  ]
}