{
  "model": "roberta",
  "dataset": "premo",
  "metrics": {
    "per_class": {
      "precision": {
        "neutral": 0.7894736842105263,
        "positive": 0.7735849056603774,
        "negative": 0.5833333333333334
      },
      "recall": {
        "neutral": 0.625,
        "positive": 0.7884615384615384,
        "negative": 0.8045977011494253
      },
      "f1_score": {
        "neutral": 0.6976744186046512,
        "positive": 0.780952380952381,
        "negative": 0.6763285024154589
      }
    },
    "macro": {
      "precision": 0.7154639744014123,
      "recall": 0.7393530798703213,
      "f1_score": 0.7183184339908304
    },
    "micro": {
      "precision": 0.7158774373259053,
      "recall": 0.7158774373259053,
      "f1_score": 0.7158774373259053
    }
  },
  "predictions": [
    2,
    1,
    0,
    1,
    0,
    0,
    1,
    2,
    1,
    2,
    0,
    1,
    0,
    0,
    2,
    0,
    1,
    2,
    0,
    0,
    0,
    0,
    1,
    1,
    2,
    0,
    2,
    0,
    2,
    0,
    0,
    2,
    0,
    2,
    2,
    0,
    2,
    0,
    1,
    2,
    0,
    2,
    2,
    0,
    2,
    1,
    0,
    0,
    0,
    2,
    0,
    0,
    0,
    1,
    2,
    1,
    1,
    0,
    1,
    0,
    2,
    1,
    2,
    1,
    2,
    1,
    2,
    1,
    2,
    0,
    2,
    2,
    0,
    2,
    1,
    1,
    1,
    0,
    1,
    1,
    1,
    2,
    2,
    0,
    0,
    2,
    1,
    0,
    0,
    0,
    0,
    1,
    2,
    1,
    1,
    0,
    2,
    2,
    0,
    2,
    1,
    2,
    2,
    2,
    2,
    1,
    0,
    2,
    0,
    2,
    0,
    0,
    0,
    1,
    0,
    0,
    1,
    1,
    1,
    1,
    1,
    2,
    2,
    2,
    1,
    2,
    0,
    2,
    0,
    0,
    1,
    0,
    1,
    1,
    2,
    0,
    1,
    0,
    1,
    1,
    1,
    0,
    0,
    1,
    1,
    2,
    1,
    2,
    0,
    2,
    2,
    0,
    0,
    0,
    0,
    1,
    2,
    1,
    1,
    1,
    1,
    1,
    1,
    0,
    0,
    0,
    2,
    2,
    2,
    0,
    0,
    0,
    1,
    2,
    0,
    1,
    0,
    2,
    2,
    2,
    0,
    0,
    1,
    1,
    2,
    0,
    0,
    2,
    2,
    1,
    2,
    2,
    1,
    2,
    0,
    0,
    1,
    1,
    1,
    0,
    0,
    1,
    0,
    2,
    0,
    2,
    2,
    0,
    2,
    0,
    2,
    0,
    2,
    2,
    1,
    1,
    2,
    1,
    0,
    1,
    0,
    2,
    2,
    2,
    0,
    0,
    2,
    2,
    1,
    0,
    0,
    1,
    0,
    0,
    0,
    0,
    2,
    2,
    0,
    2,
    0,
    1,
    2,
    2,
    2,
    0,
    1,
    2,
    1,
    2,
    2,
    2,
    0,
    0,
    0,
    2,
    1,
    1,
    1,
    0,
    2,
    1,
    0,
    1,
    0,
    1,
    2,
    1,
    2,
    1,
    2,
    0,
    0,
    1,
    2,
    0,
    1,
    2,
    1,
    0,
    2,
    0,
    2,
    1,
    2,
    1,
    0,
    0,
    1,
    0,
    0,
    2,
    2,
    0,
    2,
    0,
    0,
    0,
    1,
    0,
    0,
    0,
    2,
    0,
    1,
    0,
    1,
    1,
    1,
    1,
    1,
    0,
    2,
    2,
    0,
    1,
    1,
    2,
    1,
    2,
    1,
    1,
    0,
    0,
    2,
    2,
    0,
    0,
    1,
    2,
    2,
    0,
    2,
    2,
    0,
    1,
    2,
    0,
    0,
    2,
    0,
    1,
    2,
    2,
    0,
    1,
    0,
    0,
    2,
    2,
    2,
    2,
    2,
    0,
    0,
    2,
    1,
    1,
    1
  ],
  "true_labels": [
    2,
    0,
    0,
    1,
    2,
    0,
    1,
    0,
    0,
    2,
    0,
    0,
    0,
    0,
    0,
    0,
    1,
    2,
    0,
    0,
    0,
    0,
    1,
    1,
    0,
    0,
    0,
    0,
    0,
    0,
    0,
    2,
    0,
    2,
    0,
    1,
    2,
    0,
    1,
    1,
    0,
    0,
    2,
    0,
    0,
    1,
    1,
    0,
    0,
    1,
    2,
    0,
    1,
    1,
    2,
    1,
    1,
    0,
    0,
    0,
    0,
    0,
    0,
    1,
    0,
    1,
    2,
    1,
    2,
    0,
    2,
    2,
    0,
    0,
    1,
    1,
    2,
    2,
    0,
    1,
    1,
    1,
    2,
    0,
    2,
    2,
    1,
    0,
    1,
    0,
    0,
    1,
    0,
    2,
    1,
    0,
    0,
    0,
    2,
    2,
    1,
    2,
    2,
    2,
    0,
    1,
    0,
    2,
    0,
    2,
    0,
    0,
    0,
    1,
    0,
    2,
    1,
    1,
    0,
    0,
    1,
    2,
    2,
    2,
    0,
    0,
    0,
    2,
    0,
    0,
    1,
    0,
    0,
    1,
    2,
    1,
    1,
    2,
    1,
    1,
    0,
    0,
    0,
    1,
    1,
    2,
    1,
    0,
    0,
    0,
    2,
    0,
    0,
    1,
    0,
    1,
    0,
    1,
    0,
    2,
    0,
    1,
    1,
    0,
    0,
    0,
    2,
    2,
    2,
    0,
    2,
    0,
    0,
    0,
    0,
    1,
    0,
    2,
    2,
    1,
    1,
    0,
    1,
    1,
    1,
    0,
    0,
    0,
    2,
    1,
    2,
    0,
    1,
    2,
    0,
    0,
    1,
    1,
    2,
    0,
    0,
    0,
    0,
    0,
    1,
    2,
    0,
    0,
    0,
    0,
    0,
    0,
    2,
    2,
    1,
    0,
    2,
    1,
    0,
    1,
    0,
    2,
    0,
    0,
    0,
    0,
    2,
    2,
    1,
    0,
    0,
    1,
    0,
    0,
    2,
    2,
    2,
    0,
    0,
    0,
    1,
    1,
    2,
    2,
    2,
    1,
    1,
    2,
    1,
    0,
    2,
    2,
    0,
    0,
    0,
    2,
    1,
    1,
    1,
    0,
    0,
    1,
    0,
    1,
    0,
    1,
    2,
    1,
    2,
    1,
    2,
    0,
    0,
    0,
    2,
    0,
    1,
    0,
    1,
    0,
    2,
    0,
    2,
    0,
    2,
    1,
    0,
    0,
    1,
    0,
    2,
    2,
    2,
    2,
    1,
    0,
    0,
    0,
    1,
    0,
    2,
    0,
    2,
    0,
    1,
    0,
    1,
    1,
    1,
    1,
    0,
    1,
    2,
    2,
    0,
    1,
    1,
    0,
    1,
    2,
    1,
    1,
    0,
    0,
    2,
    0,
    0,
    1,
    1,
    2,
    2,
    0,
    0,
    2,
    0,
    1,
    1,
    1,
    0,
    0,
    1,
    1,
    2,
    0,
    0,
    1,
    0,
    0,
    2,
    0,
    0,
    2,
    0,
    0,
    1,
    0,
    1,
    1,
    0
  ]
}