{
  "model": "xlnet",
  "dataset": "premo",
  "metrics": {
    "per_class": {
      "precision": {
        "neutral": 0.7748344370860927,
        "positive": 0.8037383177570093,
        "negative": 0.5742574257425742
      },
      "recall": {
        "neutral": 0.6964285714285714,
        "positive": 0.8269230769230769,
        "negative": 0.6666666666666666
      },
      "f1_score": {
        "neutral": 0.7335423197492164,
        "positive": 0.8151658767772512,
        "negative": 0.6170212765957447
      }
    },
    "macro": {
      "precision": 0.7176100601952254,
      "recall": 0.730006105006105,
      "f1_score": 0.7219098243740708
    },
    "micro": {
      "precision": 0.7270194986072424,
      "recall": 0.7270194986072424,
      "f1_score": 0.7270194986072424
    }
  },
  "predictions": [
    2,
    2,
    0,
    1,
    2,
    0,
    1,
    0,
    2,
    1,
    0,
    1,
    0,
    0,
    0,
    1,
    1,
    0,
    0,
    0,
    0,
    2,
    1,
    1,
    0,
    0,
    2,
    0,
    2,
    0,
    0,
    2,
    0,
    2,
    0,
    0,
    2,
    0,
    1,
    1,
    0,
    2,
    2,
    0,
    2,
    1,
    2,
    0,
    0,
    1,
    0,
    0,
    0,
    1,
    2,
    1,
    1,
    0,
    2,
    0,
    0,
    1,
    2,
    1,
    2,
    1,
    2,
    1,
    0,
    0,
    2,
    2,
    0,
    2,
    1,
    1,
    2,
    0,
    1,
    1,
    1,
    1,
    2,
    0,
    0,
    2,
    1,
    0,
    1,
    0,
    0,
    1,
    0,
    2,
    1,
    0,
    2,
    0,
    0,
    2,
    1,
    2,
    2,
    2,
    0,
    0,
    0,
    2,
    0,
    2,
    0,
    2,
    0,
    1,
    0,
    0,
    1,
    1,
    0,
    1,
    1,
    2,
    2,
    0,
    0,
    2,
    0,
    0,
    1,
    0,
    1,
    0,
    1,
    1,
    2,
    0,
    1,
    0,
    1,
    1,
    2,
    0,
    0,
    1,
    1,
    2,
    1,
    2,
    0,
    2,
    0,
    0,
    0,
    0,
    0,
    1,
    0,
    1,
    1,
    1,
    0,
    1,
    1,
    0,
    0,
    2,
    1,
    2,
    0,
    0,
    0,
    0,
    0,
    2,
    0,
    1,
    0,
    2,
    0,
    2,
    0,
    0,
    1,
    1,
    1,
    0,
    0,
    2,
    2,
    1,
    2,
    2,
    1,
    0,
    0,
    2,
    1,
    2,
    2,
    0,
    0,
    1,
    0,
    2,
    1,
    2,
    2,
    0,
    0,
    0,
    2,
    0,
    2,
    2,
    1,
    0,
    2,
    1,
    0,
    1,
    0,
    2,
    2,
    2,
    0,
    0,
    2,
    2,
    1,
    0,
    1,
    1,
    0,
    0,
    2,
    1,
    0,
    2,
    0,
    0,
    1,
    1,
    2,
    2,
    2,
    0,
    1,
    2,
    0,
    0,
    2,
    2,
    0,
    0,
    2,
    2,
    0,
    1,
    1,
    0,
    2,
    1,
    0,
    0,
    0,
    1,
    2,
    1,
    2,
    1,
    2,
    0,
    0,
    0,
    2,
    2,
    1,
    0,
    1,
    0,
    2,
    0,
    2,
    1,
    1,
    1,
    0,
    0,
    1,
    0,
    0,
    2,
    2,
    0,
    0,
    0,
    0,
    0,
    1,
    0,
    0,
    0,
    1,
    0,
    1,
    0,
    1,
    1,
    1,
    1,
    1,
    0,
    0,
    2,
    0,
    0,
    1,
    0,
    1,
    2,
    1,
    1,
    0,
    0,
    1,
    2,
    0,
    2,
    1,
    2,
    2,
    0,
    2,
    2,
    0,
    1,
    2,
    1,
    0,
    2,
    1,
    1,
    1,
    2,
    0,
    1,
    0,
    0,
    0,
    2,
    0,
    2,
    2,
    0,
    1,
    2,
    1,
    1,
    1
  ],
  "true_labels": [
    2,
    0,
    0,
    1,
    2,
    0,
    1,
    0,
    0,
    2,
    0,
    0,
    0,
    0,
    0,
    0,
    1,
    2,
    0,
    0,
    0,
    0,
    1,
    1,
    0,
    0,
    0,
    0,
    0,
    0,
    0,
    2,
    0,
    2,
    0,
    1,
    2,
    0,
    1,
    1,
    0,
    0,
    2,
    0,
    0,
    1,
    1,
    0,
    0,
    1,
    2,
    0,
    1,
    1,
    2,
    1,
    1,
    0,
    0,
    0,
    0,
    0,
    0,
    1,
    0,
    1,
    2,
    1,
    2,
    0,
    2,
    2,
    0,
    0,
    1,
    1,
    2,
    2,
    0,
    1,
    1,
    1,
    2,
    0,
    2,
    2,
    1,
    0,
    1,
    0,
    0,
    1,
    0,
    2,
    1,
    0,
    0,
    0,
    2,
    2,
    1,
    2,
    2,
    2,
    0,
    1,
    0,
    2,
    0,
    2,
    0,
    0,
    0,
    1,
    0,
    2,
    1,
    1,
    0,
    0,
    1,
    2,
    2,
    2,
    0,
    0,
    0,
    2,
    0,
    0,
    1,
    0,
    0,
    1,
    2,
    1,
    1,
    2,
    1,
    1,
    0,
    0,
    0,
    1,
    1,
    2,
    1,
    0,
    0,
    0,
    2,
    0,
    0,
    1,
    0,
    1,
    0,
    1,
    0,
    2,
    0,
    1,
    1,
    0,
    0,
    0,
    2,
    2,
    2,
    0,
    2,
    0,
    0,
    0,
    0,
    1,
    0,
    2,
    2,
    1,
    1,
    0,
    1,
    1,
    1,
    0,
    0,
    0,
    2,
    1,
    2,
    0,
    1,
    2,
    0,
    0,
    1,
    1,
    2,
    0,
    0,
    0,
    0,
    0,
    1,
    2,
    0,
    0,
    0,
    0,
    0,
    0,
    2,
    2,
    1,
    0,
    2,
    1,
    0,
    1,
    0,
    2,
    0,
    0,
    0,
    0,
    2,
    2,
    1,
    0,
    0,
    1,
    0,
    0,
    2,
    2,
    2,
    0,
    0,
    0,
    1,
    1,
    2,
    2,
    2,
    1,
    1,
    2,
    1,
    0,
    2,
    2,
    0,
    0,
    0,
    2,
    1,
    1,
    1,
    0,
    0,
    1,
    0,
    1,
    0,
    1,
    2,
    1,
    2,
    1,
    2,
    0,
    0,
    0,
    2,
    0,
    1,
    0,
    1,
    0,
    2,
    0,
    2,
    0,
    2,
    1,
    0,
    0,
    1,
    0,
    2,
    2,
    2,
    2,
    1,
    0,
    0,
    0,
    1,
    0,
    2,
    0,
    2,
    0,
    1,
    0,
    1,
    1,
    1,
    1,
    0,
    1,
    2,
    2,
    0,
    1,
    1,
    0,
    1,
    2,
    1,
    1,
    0,
    0,
    2,
    0,
    0,
    1,
    1,
    2,
    2,
    0,
    0,
    2,
    0,
    1,
    1,
    1,
    0,
    0,
    1,
    1,
    2,
    0,
    0,
    1,
    0,
    0,
    2,
    0,
    0,
    2,
    0,
    0,
    1,
    0,
    1,
    1,
    0
  ]
}